,question_length,context_length,answer_length
count,211186.0,211186.0,211186.0
mean,15.312468629549308,197.31753051812146,37.57548322331973
std,3.8899628542484415,49.51841294250853,18.46556914240147
min,3.0,1.0,1.0
25%,13.0,167.0,25.0
50%,15.0,197.0,34.0
75%,17.0,223.0,46.0
max,109.0,908.0,510.0
