,instruction_length,context_length,output_length
count,10000.0,10000.0,10000.0
mean,13.3216,197.2583,42.3144
std,4.5631848204483845,57.567308262659466,20.41140894699629
min,3.0,26.0,6.0
25%,10.0,161.0,28.0
50%,13.0,195.0,39.0
75%,16.0,227.0,52.0
max,45.0,606.0,313.0
