,question_length,context_length,answer_length
count,211188.0,211188.0,211188.0
mean,15.31235676269485,197.31531147603084,37.575345190067615
std,3.890041551600098,49.52175212014375,18.46552489918394
min,3.0,1.0,1.0
25%,13.0,167.0,25.0
50%,15.0,197.0,34.0
75%,17.0,223.0,46.0
max,109.0,908.0,510.0
